Title,Type,Latitude,Longitude,map,Country
"Koidula, Estonia", Road,57.834525,27.595566,"<iframe src=""https://www.google.com/maps/embed?pb=!4v1538167834500!6m8!1m7!1s6AnWq6l9mtCfLfM4Vto9Rw!2m2!1d57.83955264239995!2d27.59558598635491!3f202.18247329071244!4f1.806835134969731!5f0.7820865974627469"" width=""600"" height=""450"" frameborder=""0"" style=""border:0"" allowfullscreen></iframe>",Estonia - Russia
"Koidula, Estonia",Railway,57.837018,27.608018,"<iframe src=""https://www.google.com/maps/embed?pb=!1m14!1m8!1m3!1d1502.3555707945898!2d27.6054963!3d57.837018!3m2!1i1024!2i768!4f13.1!3m3!1m2!1s0x0%3A0x0!2zNTfCsDUwJzEzLjMiTiAyN8KwMzYnMjguOSJF!5e1!3m2!1sen!2sie!4v1538168117735"" width=""600"" height=""450"" frameborder=""0"" style=""border:0"" allowfullscreen></iframe>",Estonia - Russia
"Luhamaa, Estonia",Road,57.643354,27.381023,"<iframe src=""https://www.google.com/maps/embed?pb=!4v1538168283840!6m8!1m7!1sVGpu8pUIVdZTnb-1_LtKTQ!2m2!1d57.64149890734604!2d27.37066193569876!3f72.0422935927196!4f5.847451053940759!5f0.7820865974627469"" width=""600"" height=""450"" frameborder=""0"" style=""border:0"" allowfullscreen></iframe>",Estonia - Russia
"Narva, Estonia",Railway,59.366933,28.206133,"<iframe src=""https://www.google.com/maps/embed?pb=!1m18!1m12!1m3!1d1440.0164110083847!2d28.203944315464614!3d59.36693298167202!2m3!1f0!2f0!3f0!3m2!1i1024!2i768!4f13.1!3m3!1m2!1s0x0%3A0x0!2zNTnCsDIyJzAxLjAiTiAyOMKwMTInMjIuMSJF!5e1!3m2!1sen!2sie!4v1538168930238"" width=""600"" height=""450"" frameborder=""0"" style=""border:0"" allowfullscreen></iframe>",Estonia - Russia
"Narva 1, Estonia",Road,59.37658,28.204135,"<iframe src=""https://www.google.com/maps/embed?pb=!1m18!1m12!1m3!1d2904.2454121239666!2d28.20154103847915!3d59.37630781724849!2m3!1f0!2f0!3f0!3m2!1i1024!2i768!4f13.1!3m3!1m2!1s0x0%3A0x0!2zNTnCsDIyJzM1LjciTiAyOMKwMTInMTQuOSJF!5e1!3m2!1sen!2sie!4v1538168772798"" width=""600"" height=""450"" frameborder=""0"" style=""border:0"" allowfullscreen></iframe>",Estonia - Russia
"Saatse, Estonia",Road,57.891926,27.815374,"<iframe src=""https://www.google.com/maps/embed?pb=!4v1538169136006!6m8!1m7!1ss_3MzzOPCnM-IDimRZ7CJg!2m2!1d57.89277887845662!2d27.81640006749807!3f22.4613582619722!4f-0.8821495737893912!5f0.7820865974627469"" width=""600"" height=""450"" frameborder=""0"" style=""border:0"" allowfullscreen></iframe>",Estonia - Russia
"Imatra, Finland",Railway,61.126067,28.836921,"<iframe src=""https://www.google.com/maps/embed?pb=!1m18!1m12!1m3!1d5309.9231394745775!2d28.822380873192696!3d61.12508044328615!2m3!1f0!2f0!3f0!3m2!1i1024!2i768!4f13.1!3m3!1m2!1s0x0%3A0x0!2zNjHCsDA3JzI5LjIiTiAyOMKwNDknNTYuMSJF!5e1!3m2!1sen!2sie!4v1538169413072"" width=""600"" height=""450"" frameborder=""0"" style=""border:0"" allowfullscreen></iframe>",Finland - Russia
"Imatra, Finland",Road,61.126067,28.836921,"<iframe src=""https://www.google.com/maps/embed?pb=!4v1538169316297!6m8!1m7!1sCAoSK0FGMVFpcE5WYzU5U1pLTmU3UFhTQlpuRGZWRkhaclhld2ZPVTlSUUpWRTg.!2m2!1d61.13082268879762!2d28.82306989038565!3f121.31184984062847!4f9.116677020101406!5f0.7820865974627469"" width=""600"" height=""450"" frameborder=""0"" style=""border:0"" allowfullscreen></iframe>",Finland - Russia
"Inari, Finland",Road,68.476033,28.473092,"<iframe src=""https://www.google.com/maps/embed?pb=!4v1538169680551!6m8!1m7!1s4TXQvvhEsfr4hzl6_D4lxg!2m2!1d68.4765286925671!2d28.46133557813187!3f96.92042863215335!4f0.44612994170365994!5f0.7820865974627469"" width=""600"" height=""450"" frameborder=""0"" style=""border:0"" allowfullscreen></iframe>",Finland - Russia
"Kuusamo, Finland",Road,65.79824,30.103247,"<iframe src=""https://www.google.com/maps/embed?pb=!4v1538169813147!6m8!1m7!1scYfBAbRm-S9H-Hu8aEPf5g!2m2!1d65.79909437461191!2d30.09869740905393!3f139.15387293784502!4f1.491746751061953!5f0.7820865974627469"" width=""600"" height=""450"" frameborder=""0"" style=""border:0"" allowfullscreen></iframe>",Finland - Russia
"Niirala, Finland",Road,62.170425,30.631287,"<iframe src=""https://www.google.com/maps/embed?pb=!4v1538169959813!6m8!1m7!1sdzs1srL2yD3jY-g5yK5acg!2m2!1d62.17385664372409!2d30.6043587888907!3f101.36279287318811!4f2.408598536455699!5f0.7820865974627469"" width=""600"" height=""450"" frameborder=""0"" style=""border:0"" allowfullscreen></iframe>",Finland - Russia
"Niirala, Finland",Railway,62.170417,30.63205,"<iframe src=""https://www.google.com/maps/embed?pb=!1m18!1m12!1m3!1d1315.1330805850946!2d30.629861315630603!3d62.17041698274149!2m3!1f0!2f0!3f0!3m2!1i1024!2i768!4f13.1!3m3!1m2!1s0x0%3A0x0!2zNjLCsDEwJzEzLjUiTiAzMMKwMzcnNTUuNCJF!5e1!3m2!1sen!2sie!4v1538170022319"" width=""600"" height=""450"" frameborder=""0"" style=""border:0"" allowfullscreen></iframe>",Finland - Russia
"Nuijamaa, Finland",Road,60.955898,28.536573,"<iframe src=""https://www.google.com/maps/embed?pb=!1m18!1m12!1m3!1d1065.0545591724315!2d28.534673586617828!3d60.95581626905587!2m3!1f0!2f0!3f0!3m2!1i1024!2i768!4f13.1!3m3!1m2!1s0x0%3A0x0!2zNjDCsDU3JzIxLjIiTiAyOMKwMzInMTEuNyJF!5e1!3m2!1sen!2sie!4v1538170181328"" width=""600"" height=""450"" frameborder=""0"" style=""border:0"" allowfullscreen></iframe>",Finland - Russia
"Parikkala, Finland",Road,61.503231,29.609512,"<iframe src=""https://www.google.com/maps/embed?pb=!4v1538170290582!6m8!1m7!1sVy9ZQ9wAaP0lnA_ut3yAbQ!2m2!1d61.50719870822978!2d29.60800438290641!3f177.66703412163963!4f-0.9758317108563119!5f0.7820865974627469"" width=""600"" height=""450"" frameborder=""0"" style=""border:0"" allowfullscreen></iframe>",Finland - Russia
"Raja-Jooseppi, Finland",Road,68.476145,28.473048,"<iframe src=""https://www.google.com/maps/embed?pb=!4v1538170929689!6m8!1m7!1s4TXQvvhEsfr4hzl6_D4lxg!2m2!1d68.4765286925671!2d28.46133557813187!3f96.30446694033398!4f-10.283706190081077!5f0.7820865974627469"" width=""600"" height=""450"" frameborder=""0"" style=""border:0"" allowfullscreen></iframe>",Finland - Russia
"Salla, Finland",Road,66.94443,29.034644,"<iframe src=""https://www.google.com/maps/embed?pb=!4v1538171291944!6m8!1m7!1sWbErRxw6JlCQ_u4rzgiAPg!2m2!1d66.94178431508797!2d29.0185114987943!3f70.43785977815654!4f2.293492850422439!5f0.7820865974627469"" width=""600"" height=""450"" frameborder=""0"" style=""border:0"" allowfullscreen></iframe>",Finland - Russia
"Vaalimaa, Finland",Road,60.604696,27.873505,"<iframe src=""https://www.google.com/maps/embed?pb=!4v1538171504919!6m8!1m7!1sOIBvyiGNU7gWGAy2q7rKkQ!2m2!1d60.60538076894095!2d27.84962271876716!3f76.98990841878957!4f6.079226810466366!5f0.7820865974627469"" width=""600"" height=""450"" frameborder=""0"" style=""border:0"" allowfullscreen></iframe>",Finland - Russia
"Vainikkala , Finland",Railway,60.855264,28.337965,"<iframe src=""https://www.google.com/maps/embed?pb=!1m18!1m12!1m3!1d14483.563961590058!2d28.302966243051927!3d60.85783176802255!2m3!1f0!2f0!3f0!3m2!1i1024!2i768!4f13.1!3m3!1m2!1s0x0%3A0x0!2zNjDCsDUxJzE5LjAiTiAyOMKwMjAnMTYuNyJF!5e1!3m2!1sen!2sie!4v1538171604855"" width=""600"" height=""450"" frameborder=""0"" style=""border:0"" allowfullscreen></iframe>",Finland - Russia
"Vartius, Finland",Road,64.545482,29.990583,"<iframe src=""https://www.google.com/maps/embed?pb=!4v1538171682997!6m8!1m7!1sDp6dw8ZgHPzXJyPwEyZIlw!2m2!1d64.54502318654019!2d29.98376952443185!3f108.69407087337476!4f-0.5650317738990935!5f0.7820865974627469"" width=""600"" height=""450"" frameborder=""0"" style=""border:0"" allowfullscreen></iframe>",Finland - Russia
"Vartius, Finland",Railway,64.545949,29.99075,"<iframe src=""https://www.google.com/maps/embed?pb=!1m18!1m12!1m3!1d3840.092753033231!2d29.982808092584246!3d64.54491635225278!2m3!1f0!2f0!3f0!3m2!1i1024!2i768!4f13.1!3m3!1m2!1s0x0%3A0x0!2zNjTCsDMyJzQ1LjQiTiAyOcKwNTknMjYuNyJF!5e1!3m2!1sen!2sie!4v1538171758016"" width=""600"" height=""450"" frameborder=""0"" style=""border:0"" allowfullscreen></iframe>",Finland - Russia
"Barabás, Hungary",Road,48.245787,22.445887,"<iframe src=""https://www.google.com/maps/embed?pb=!4v1538171930791!6m8!1m7!1stImngGMXN8ycujOrQ0Xi5Q!2m2!1d48.24483186221281!2d22.44443075289153!3f38.64190867560655!4f0.8560610572378096!5f0.7820865974627469"" width=""600"" height=""450"" frameborder=""0"" style=""border:0"" allowfullscreen></iframe>",Hungary - Ukraine
"Beregsurány, Hungary",Road,48.165049,22.573257,"<iframe src=""https://www.google.com/maps/embed?pb=!4v1538172022459!6m8!1m7!1s7eG_fdFcaOHvLvlBJBn-Iw!2m2!1d48.16344749886558!2d22.5678648791821!3f68.99870555452134!4f0.03331208249576889!5f1.9587109090973311"" width=""600"" height=""450"" frameborder=""0"" style=""border:0"" allowfullscreen></iframe>",Hungary - Ukraine
"Eperjeske, Hungary",Railway,48.373999,22.256392,"<iframe src=""https://www.google.com/maps/embed?pb=!1m18!1m12!1m3!1d3760.8544801649414!2d22.25201289428855!3d48.37399886996937!2m3!1f0!2f0!3f0!3m2!1i1024!2i768!4f13.1!3m3!1m2!1s0x0%3A0x0!2zNDjCsDIyJzI2LjQiTiAyMsKwMTUnMjMuMCJF!5e1!3m2!1sen!2sie!4v1538172175087"" width=""600"" height=""450"" frameborder=""0"" style=""border:0"" allowfullscreen></iframe>",Hungary - Ukraine
"Lónya, Hungary",Road,48.318033,22.318627,"<iframe src=""https://www.google.com/maps/embed?pb=!4v1538172373454!6m8!1m7!1sNLZC3f8CDON2XDIZHvXeuA!2m2!1d48.31998909978658!2d22.31653654225238!3f140.75939301702775!4f1.6312422279778218!5f2.299968626952992"" width=""600"" height=""450"" frameborder=""0"" style=""border:0"" allowfullscreen></iframe>",Hungary - Ukraine
"Nagyhódos, Hungary",Road,47.852843,22.77699,"<iframe src=""https://www.google.com/maps/embed?pb=!4v1538172934464!6m8!1m7!1s_wWgxfZE1j70KACcNuCzvg!2m2!1d47.85430295465461!2d22.77144141940716!3f95.91999252452833!4f4.57502648641217!5f0.7820865974627469"" width=""600"" height=""450"" frameborder=""0"" style=""border:0"" allowfullscreen></iframe>",Hungary - Ukraine
"Tiszabecs , Hungary",River,48.099158,22.827939,"<iframe src=""https://www.google.com/maps/embed?pb=!1m18!1m12!1m3!1d5153.872072619068!2d22.823115223890827!3d48.10011054014586!2m3!1f0!2f0!3f0!3m2!1i1024!2i768!4f13.1!3m3!1m2!1s0x0%3A0x0!2zNDjCsDA1JzU3LjAiTiAyMsKwNDknNDAuNiJF!5e1!3m2!1sen!2sie!4v1538173530731"" width=""600"" height=""450"" frameborder=""0"" style=""border:0"" allowfullscreen></iframe>",Hungary - Ukraine
"Tiszabecs  , Hungary",Road,48.09323,22.834499,"<iframe src=""https://www.google.com/maps/embed?pb=!4v1538173075014!6m8!1m7!1stZCtqR55c4-a_TIS7SgayQ!2m2!1d48.09224316071148!2d22.82772706264342!3f99.6279483943919!4f-0.5521400165577717!5f1.9587109090973311"" width=""600"" height=""450"" frameborder=""0"" style=""border:0"" allowfullscreen></iframe>",Hungary - Ukraine
"Záhony, Hungary",Road,48.413579,22.171686,"<iframe src=""https://www.google.com/maps/embed?pb=!4v1538173989297!6m8!1m7!1sk3k-A4EaP2Gic37MnxINJA!2m2!1d48.41935132656835!2d22.17021078875659!3f172.07422283481066!4f5.051996638295137!5f1.9587109090973311"" width=""600"" height=""450"" frameborder=""0"" style=""border:0"" allowfullscreen></iframe>",Hungary - Ukraine
"Záhony, Hungary",Railway,48.404683,22.177433,"<iframe src=""https://www.google.com/maps/embed?pb=!1m18!1m12!1m3!1d2082.2340538584745!2d22.182593922486753!3d48.41521373224452!2m3!1f0!2f0!3f0!3m2!1i1024!2i768!4f13.1!3m3!1m2!1s0x0%3A0x0!2zNDjCsDI0JzU0LjgiTiAyMsKwMTEnMDUuOSJF!5e1!3m2!1sen!2sie!4v1538174180244"" width=""600"" height=""450"" frameborder=""0"" style=""border:0"" allowfullscreen></iframe>",Hungary - Ukraine
"Greb_eva-Ubi_inka, Latvia",Road,56.872146,27.833157,"<iframe src=""https://www.google.com/maps/embed?pb=!4v1538174453230!6m8!1m7!1sMKIfTM8H6QvVbJTIlh9pPw!2m2!1d56.86538116568232!2d27.82463390216478!3f41.18839118759461!4f0.008889018134809135!5f2.299968626952992"" width=""600"" height=""450"" frameborder=""0"" style=""border:0"" allowfullscreen></iframe>",Latvia - Russia
"Indra-Bigosova, Latvia",Railway,56.879635,24.603189,,Latvia
"Kaplava-P_usi, Latvia",Road,55.718194,26.873453,"<iframe src=""https://www.google.com/maps/embed?pb=!4v1538176144729!6m8!1m7!1s2WCm7ivEzQ-jPCUZiFD8Aw!2m2!1d55.71937678596095!2d26.86679142041244!3f121.50409607076102!4f-0.1572596919196343!5f1.9587109090973311"" width=""600"" height=""450"" frameborder=""0"" style=""border:0"" allowfullscreen></iframe>",Latvia - Belarus
"K_rsava-Skanga_i, Latvia",Railway,56.853221,27.72852,"<iframe src=""https://www.google.com/maps/embed?pb=!1m18!1m12!1m3!1d1858.5842612461024!2d27.726197266370264!3d56.85332038891504!2m3!1f0!2f0!3f0!3m2!1i1024!2i768!4f13.1!3m3!1m2!1s0x0%3A0x0!2zNTbCsDUxJzExLjYiTiAyN8KwNDMnNDIuNyJF!5e1!3m2!1sen!2sie!4v1538177131881"" width=""600"" height=""450"" frameborder=""0"" style=""border:0"" allowfullscreen></iframe>",Latvia - Russia
"Meik__ni-Gavri_ino , Latvia",Road,,,,Latvia - Russia
"Pededze-Brunisheva, Latvia",Road,57.53519,27.472382,"<iframe src=""https://www.google.com/maps/embed?pb=!4v1538178570805!6m8!1m7!1scjOyhRR2bb91KnG2TdbqHQ!2m2!1d57.5322265930472!2d27.47480894247356!3f355.543137532725!4f-5.670652523658475!5f0.7820865974627469"" width=""600"" height=""450"" frameborder=""0"" style=""border:0"" allowfullscreen></iframe>",Latvia - Russia
"P_ternieki-Grigorov__ina , Latvia",Road,56.762528,23.934816,,Latvia
"Piedruja-Druja, Latvia",Road,55.796318,27.443598,"<iframe src=""https://www.google.com/maps/embed?pb=!4v1538178822920!6m8!1m7!1ssrF0qBQFp3Xp6PQka59rCQ!2m2!1d55.81987184051477!2d27.62145520382051!3f78.3468125723725!4f-0.6126551097992632!5f0.7820865974627469"" width=""600"" height=""450"" frameborder=""0"" style=""border:0"" allowfullscreen></iframe>",Latvia - Belarus
"Silene-Urbani , Latvia",Road,55.718147,26.873614,"<iframe src=""https://www.google.com/maps/embed?pb=!4v1538178927586!6m8!1m7!1syUSE3-hozNrv61hiW-jQSA!2m2!1d55.71939066237749!2d26.86692094540855!3f118.68551320410944!4f-0.14993039424464882!5f0.7820865974627469"" width=""600"" height=""450"" frameborder=""0"" style=""border:0"" allowfullscreen></iframe>",Latvia - Belarus
"Terehova-Bura_ki, Latvia",Road,56.353064,28.184854,"<iframe src=""https://www.google.com/maps/embed?pb=!4v1538179046752!6m8!1m7!1sDMA4P_X8WgPFObt2Mkv_Bw!2m2!1d56.35539835211905!2d28.18148838554613!3f105.78612835133109!4f5.159952925511178!5f0.7820865974627469"" width=""600"" height=""450"" frameborder=""0"" style=""border:0"" allowfullscreen></iframe>",Latvia - Russia
"Vientuli-Ludonka , Latvia",Road,57.134229,27.773208,"<iframe src=""https://www.google.com/maps/embed?pb=!4v1538179240383!6m8!1m7!1srMe-qR1uHC_wIx_0V4UvLw!2m2!1d57.13648809998946!2d27.7693975070784!3f139.04272193943203!4f0.026127972080871587!5f3.325193203789971"" width=""600"" height=""450"" frameborder=""0"" style=""border:0"" allowfullscreen></iframe>",Latvia - Russia
"Zilupe-Posi_i, Latvia",Railway,56.387721,28.119561,"<iframe src=""https://www.google.com/maps/embed?pb=!1m18!1m12!1m3!1d1563.962079665741!2d28.170523729116674!3d56.3888178817202!2m3!1f0!2f0!3f0!3m2!1i1024!2i768!4f13.1!3m3!1m2!1s0x0%3A0x0!2zNTbCsDIzJzE5LjAiTiAyOMKwMTAnMjEuMyJF!5e1!3m2!1sen!2sie!4v1538179301772"" width=""600"" height=""450"" frameborder=""0"" style=""border:0"" allowfullscreen></iframe>",Latvia - Russia
"Adutiskis – Moldevi_iai, Lithuania",Road,55.149411,26.625066,"<iframe src=""https://www.google.com/maps/embed?pb=!4v1538179523578!6m8!1m7!1s53hW4mFItSYc_iNhzL-UbA!2m2!1d55.15082452501044!2d26.62103601585807!3f116.95704861026297!4f-1.5868532120788075!5f0.7820865974627469"" width=""600"" height=""450"" frameborder=""0"" style=""border:0"" allowfullscreen></iframe>",Lithuania - Belarus
"Ei_i_k_s – Dociski, Lithuania",Road,54.174252,24.999369,"<iframe src=""https://www.google.com/maps/embed?pb=!4v1538179790483!6m8!1m7!1sHEN6q3t3Adansl80XrlAGw!2m2!1d54.1416408793583!2d25.01618083723455!3f222.46829508337592!4f-5.088351917670337!5f0.7820865974627469"" width=""600"" height=""450"" frameborder=""0"" style=""border:0"" allowfullscreen></iframe>",Lithuania - Belarus
"Jurbarkas – Sovetsk, Lithuania",River-Ferry,55.077407,22.741957,,Lithuania
"Kena – Gudagojis, Lithuania",Railway,54.59462,25.757485,"<iframe src=""https://www.google.com/maps/embed?pb=!1m18!1m12!1m3!1d1007.2749627837634!2d25.755925639397052!3d54.594631973488404!2m3!1f0!2f0!3f0!3m2!1i1024!2i768!4f13.1!3m3!1m2!1s0x0%3A0x0!2zNTTCsDM1JzQwLjYiTiAyNcKwNDUnMjcuMCJF!5e1!3m2!1sen!2sie!4v1538180844533"" width=""600"" height=""450"" frameborder=""0"" style=""border:0"" allowfullscreen></iframe>",Lithuania - Belarus
"Krakunai – Geranainys, Lithuania",Road,54.145937,25.60166,"<iframe src=""https://www.google.com/maps/embed?pb=!4v1538180940070!6m8!1m7!1sVhyGfc-PsUN21fJdbxBnDQ!2m2!1d54.14757943726455!2d25.60240666578114!3f197.35644438815095!4f-1.4003583799708537!5f0.7820865974627469"" width=""600"" height=""450"" frameborder=""0"" style=""border:0"" allowfullscreen></iframe>",Lithuania
"Kybartai – _erny_evskoje, Lithuania",Road,54.641684,22.743935,"<iframe src=""https://www.google.com/maps/embed?pb=!4v1538181082277!6m8!1m7!1sGcc5mlDopbycrkvPE5N4RA!2m2!1d54.64166592911258!2d22.74700044955889!3f312.37447019197344!4f4.505052692877243!5f0.7820865974627469"" width=""600"" height=""450"" frameborder=""0"" style=""border:0"" allowfullscreen></iframe>",Lithuania - Russia
"Kybartai – Nesterov, Lithuania",Railway,54.64009,22.747116,"<iframe src=""https://www.google.com/maps/embed?pb=!1m18!1m12!1m3!1d1639.7686120404796!2d22.744927315195717!3d54.640089980270496!2m3!1f0!2f0!3f0!3m2!1i1024!2i768!4f13.1!3m3!1m2!1s0x0%3A0x0!2zNTTCsDM4JzI0LjMiTiAyMsKwNDQnNDkuNiJF!5e1!3m2!1sen!2sie!4v1538181329884"" width=""600"" height=""450"" frameborder=""0"" style=""border:0"" allowfullscreen></iframe>",Lithuania - Russia
"Late_eris – Parie__, Lithuania",Road,53.937858,24.080457,"<iframe src=""https://www.google.com/maps/embed?pb=!4v1538181468245!6m8!1m7!1s_6ZoZlQMo9zAP8GGtppE8w!2m2!1d53.93883808457574!2d24.07827533314824!3f142.10948559680935!4f0.14311879756230894!5f0.7820865974627469"" width=""600"" height=""450"" frameborder=""0"" style=""border:0"" allowfullscreen></iframe>",Lithuania - Belarus
"Lavori_k_s – Kotlovka, Lithuania",Road,54.718724,25.745301,"<iframe src=""https://www.google.com/maps/embed?pb=!4v1538181594872!6m8!1m7!1svKkrmfaFch2JacqY6n0tIQ!2m2!1d54.7155200372551!2d25.73928702805804!3f89.31666335299174!4f2.5969454660260283!5f0.7820865974627469"" width=""600"" height=""450"" frameborder=""0"" style=""border:0"" allowfullscreen></iframe>",Lithuania - Belarus
"Medininkai – Kamenyj Log, Lithuania",Road,54.544475,25.699214,"<iframe src=""https://www.google.com/maps/embed?pb=!4v1538181698044!6m8!1m7!1sQ6fduwc7CVJVjX0JsrKAkg!2m2!1d54.54636847938931!2d25.69115036377814!3f78.34724359048658!4f0.40679108224902905!5f0.7820865974627469"" width=""600"" height=""450"" frameborder=""0"" style=""border:0"" allowfullscreen></iframe>",Lithuania - Belarus
"Nida – Morskoje, Lithuania",Road,55.228846,20.916739,"<iframe src=""https://www.google.com/maps/embed?pb=!1m18!1m12!1m3!1d440611.1584884965!2d20.30034845264874!3d55.28560296859837!2m3!1f0!2f0!3f0!3m2!1i1024!2i768!4f13.1!3m3!1m2!1s0x0%3A0x0!2zNTXCsDEzJzQzLjkiTiAyMMKwNTUnMDAuMyJF!5e1!3m2!1sen!2sie!4v1538181837212"" width=""600"" height=""450"" frameborder=""0"" style=""border:0"" allowfullscreen></iframe>",Lithuania
"Nida – Ryba_yj, Lithuania",River-Ferry,55.302965,21.004113,,Lithuania
"Norvili_k_s – Pick_nai, Lithuania",Road,54.237437,25.760797,,Lithuania
"Pag_giai – Sovetsk, Lithuania",Railway,55.134312,21.904681,,Lithuania
"Panemun_ – Sovetsk, Lithuania",Road,55.08944,21.902155,,Lithuania
"Papelekis – Lentupis, Lithuania",Road,55.082622,26.256693,,Lithuania
"Prienai – Kiemeli_k_s, Lithuania",Road,54.680498,25.02213,,Lithuania
"Raigardas – Privalka, Lithuania",Road,53.944241,23.918448,,Lithuania
"Rakai – Petiulevcai, Lithuania",Road,53.974543,24.705869,,Lithuania
"Ramoni_kiai – Pograni_nyj, Lithuania",Road,54.675679,23.275987,,Lithuania
"Rusn_ – Sovetsk, Lithuania",River-Ferry,55.298648,21.372322,,Lithuania
"_al_ininkai – Benekainys, Lithuania",Road,54.309767,25.387564,,Lithuania
"Stasylos – Benekainys, Lithuania",Railway,54.342497,25.334284,,Lithuania
"_umskas – Lo_a, Lithuania",Road,54.608805,25.722445,,Lithuania
"_vendubr_ – Privalka, Lithuania",River-Ferry,53.979923,23.935861,,Lithuania
"Tvere_ius – Vid_iai, Lithuania",Road,55.311677,26.6023,,Lithuania
"Ureliai – Klevy_ia, Lithuania",Road,54.251862,25.712304,,Lithuania
"Storskog, Norway",Road,64.540799,13.590435,,Norway
"Bezledy (road), Poland",Road,54.323533,20.731149,,Poland
"Bialowieza (road), Poland",Road,52.722885,23.655567,,Poland
"Bobrowniki (road), Poland",Road,52.779573,18.959199,,Poland
"Braniewo (railway), Poland",Railway,54.379713,19.820054,,Poland
"Budomierz (road), Poland",Road,50.101516,23.266381,,Poland
"Czeremcha (railway), Poland",Railway,52.513967,23.351748,,Poland
"Dolhobyczow (road), Poland",Road,50.578089,24.090424,,Poland
"Dorohusk (railway), Poland",Railway,51.154901,23.802976,,Poland
"Dorohusk (road), Poland",Road,51.154901,23.802976,,Poland
"Goldap (road), Poland",Road,54.306911,22.303448,,Poland
"Gronowo (road), Poland",Road,53.103012,18.790244,,Poland
"Grzechotki (road), Poland",Road,54.419617,20.032969,,Poland
"Hrebenne (road), Poland",Road,50.282311,23.58021,,Poland
"Hrubieszow (railway), Poland",Railway,50.80518,23.89091,,Poland
"Korczowa (road), Poland",Road,49.955714,23.08044,,Poland
"Kroscienko (road), Poland",Road,49.436836,20.432917,,Poland
"Kukuryki (road), Poland",Road,52.10846,23.563766,,Poland
"Kuznica Bialostocka (railway), Poland",Railway,53.511028,23.642367,,Poland
"Kuznica Bialostocka (road), Poland",Road,53.510671,23.649299,,Poland
"Medyka (road), Poland",Road,49.804916,22.934503,,Poland
"Polowce (road), Poland",Road,"52.470074,",23.358005,,Poland
"Przemysl (railway), Poland",Railway,49.783862,22.767791,,Poland
"Rudawka (river), Poland",River,50.134024,19.701895,,Poland
"Siemianowka (railway), Poland",Railway,52.901449,23.840396,,Poland
"Skandawa (railway), Poland",Railway,54.272807,21.252867,,Poland
"Slawatycze (road), Poland",Road,51.762919,23.554476,,Poland
"Terespol (railway), Poland",Railway,52.073226,23.608072,,Poland
"Terespol (road), Poland",Road,52.073226,23.608072,,Poland
"Werchrata (railway), Poland",Railway,50.25636,23.472217,,Poland
"Zosin (road), Poland",Road,50.85,24.1,,Poland
"Albita, Romania",Road,46.797994,28.143579,,Romania
"Braila, Romania",Port,45.265246,27.959471,,Romania
"Galati, Romania",Port,45.435321,28.007994,,Romania
"Galati, Romania",Road,45.435321,28.007994,,Romania
"Galati, Romania",Railway,45.435321,28.007994,,Romania
"Halmeu, Romania",Road,47.97995,23.013257,,Romania
"Iasi (Ungheni), Romania",Railway,47.196931,27.781735,,Romania
"Oancea, Romania",Road,45.917782,28.109492,,Romania
"Radauti Prut, Romania",Road,48.239289,26.806398,,Romania
"Sculeni, Romania",Road,47.314543,27.607123,,Romania
"Sighetul Marmatiei, Romania",Road,47.927707,23.897651,,Romania
"Siret, Romania",Road,47.955267,26.064168,,Romania
"Stanca, Romania",Road,44.87555,27.815317,,Romania
"Sulina, Romania",Port,45.156745,29.659549,,Romania
"Tulcea, Romania",Port,45.171617,28.791444,,Romania
"Vicsani, Romania",Railway,47.93684,25.979091,,Romania
"_ierna nad Tisou, Slovakia",Railway,48.416247,22.089159,,Slovakia
"Ma_ovské Vojkovce, Slovakia",Railway,48.564692,22.140608,,Slovakia
"Ub_a, Slovakia",NOT SPECIFIED,48.899219,22.391791,,Slovakia
"Ve_ké Slemence, Slovakia",Pedestrians,48.509593,22.147047,,Slovakia
"VYSNE NEMECKE, Slovakia",Road,48.661135,22.263759,,Slovakia
,Road,54.1121097,-6.2921336,,Northern Ireland
,Road,54.1090579,-6.2986243,,Northern Ireland
,Road,54.1114266,-6.3424822,,Northern Ireland
,Road,54.1127182,-6.3603734,,Northern Ireland
,Road,54.1137611,-6.3649981,,Northern Ireland
,Road,54.097828,-6.363359,,Northern Ireland
,Road,54.0975003,-6.3625137,,Northern Ireland
,Road,54.0962782,-6.3623166,,Northern Ireland
,Road,54.0692184,-6.3749059,,Northern Ireland
,Road,54.068971,-6.3791586,,Northern Ireland
,Road,54.0665143,-6.3845373,,Northern Ireland
,Road,54.060215,-6.3899581,,Northern Ireland
,Road,54.0610075,-6.4196043,,Northern Ireland
,Road,54.0605284,-6.422721,,Northern Ireland
,Road,54.0610346,-6.423404,,Northern Ireland
,Road,54.0589665,-6.4353897,,Northern Ireland
,Road,54.0708082,-6.4626875,,Northern Ireland
,Road,54.066624,-6.4845015,,Northern Ireland
,Road,54.062313,-6.4920761,,Northern Ireland
,Road,54.0564583,-6.5098781,,Northern Ireland
,Road,54.0577909,-6.5260218,,Northern Ireland
,Road,54.0555296,-6.53852,,Northern Ireland
,Road,54.0530366,-6.5749944,,Northern Ireland
,Road,54.0558248,-6.5796401,,Northern Ireland
,Road,54.0449727,-6.6019918,,Northern Ireland
,Road,54.0395973,-6.6172576,,Northern Ireland
,Road,54.0586641,-6.6465961,,Northern Ireland
,Road,54.0691703,-6.6642343,,Northern Ireland
,Road,54.1027573,-6.6490016,,Northern Ireland
,Road,54.1190394,-6.6607496,,Northern Ireland
,Road,54.1301923,-6.6477566,,Northern Ireland
,Road,54.1381237,-6.6400441,,Northern Ireland
,Road,54.146207,-6.6343974,,Northern Ireland
,Road,54.1631626,-6.6343605,,Northern Ireland
,Road,54.1745154,-6.6411355,,Northern Ireland
,Road,54.1825584,-6.6539698,,Northern Ireland
,Road,54.1905078,-6.6633068,,Northern Ireland
,Road,54.1949728,-6.6776231,,Northern Ireland
,Road,54.1948595,-6.6877444,,Northern Ireland
,Road,54.2002396,-6.7028739,,Northern Ireland
,Road,54.1831747,-6.728269,,Northern Ireland
,Road,54.1857394,-6.7340901,,Northern Ireland
,Road,54.1842731,-6.744592,,Northern Ireland
,Road,54.1940957,-6.7505963,,Northern Ireland
,Road,54.1951385,-6.7509956,,Northern Ireland
,Road,54.1975376,-6.7547959,,Northern Ireland
,Road,54.1988663,-6.7617949,,Northern Ireland
,Road,54.2087768,-6.7928094,,Northern Ireland
,Road,54.2131982,-6.8010536,,Northern Ireland
,Road,54.2204085,-6.800811,,Northern Ireland
,Road,54.2302261,-6.8179273,,Northern Ireland
,Road,54.2394895,-6.8201642,,Northern Ireland
,Road,54.265789,-6.8365133,,Northern Ireland
,Road,54.2676138,-6.8391309,,Northern Ireland
,Road,54.266935,-6.8401896,,Northern Ireland
,Road,54.2664026,-6.8438429,,Northern Ireland
,Road,54.2663876,-6.8450865,,Northern Ireland
,Road,54.2654181,-6.8495091,,Northern Ireland
,Road,54.275232,-6.8667671,,Northern Ireland
,Road,54.291384,-6.8517001,,Northern Ireland
,Road,54.3256913,-6.865141,,Northern Ireland
,Road,54.3384889,-6.8753727,,Northern Ireland
,Road,54.3507643,-6.8976315,,Northern Ireland
,Road,54.3696613,-6.9067989,,Northern Ireland
,Road,54.4001486,-6.9756573,,Northern Ireland
,Road,54.4083512,-7.0020221,,Northern Ireland
,Road,54.4177585,-7.0378578,,Northern Ireland
,Road,54.4110738,-7.0573077,,Northern Ireland
,Road,54.3880269,-7.0730039,,Northern Ireland
,Road,54.3823031,-7.0816365,,Northern Ireland
,Road,54.3716773,-7.0997394,,Northern Ireland
,Road,54.3682719,-7.1056839,,Northern Ireland
,Road,54.3108236,-7.1949165,,Northern Ireland
,Road,54.3042035,-7.2066122,,Northern Ireland
,Road,54.2854426,-7.1724806,,Northern Ireland
,Road,54.2732359,-7.1600855,,Northern Ireland
,Road,54.262265,-7.1525329,,Northern Ireland
,Road,54.2568351,-7.1450225,,Northern Ireland
,Road,54.2516771,-7.1425625,,Northern Ireland
,Road,54.2328939,-7.1498602,,Northern Ireland
,Road,54.2303803,-7.1472163,,Northern Ireland
,Road,54.2247301,-7.1477854,,Northern Ireland
,Road,54.2206468,-7.179457,,Northern Ireland
,Road,54.2245968,-7.1848042,,Northern Ireland
,Road,54.2074486,-7.2317689,,Northern Ireland
,Road,54.2061094,-7.236634,,Northern Ireland
,Road,54.2056092,-7.2426878,,Northern Ireland
,Road,54.1987761,-7.2363222,,Northern Ireland
,Road,54.1984931,-7.2352837,,Northern Ireland
,Road,54.1934625,-7.2367538,,Northern Ireland
,Road,54.1939023,-7.2498678,,Northern Ireland
,Road,54.176836,-7.2573058,,Northern Ireland
,Road,54.1718476,-7.2420464,,Northern Ireland
,Road,54.1634081,-7.2580537,,Northern Ireland
,Road,54.159946,-7.2576808,,Northern Ireland
,Road,54.1465621,-7.2628128,,Northern Ireland
,Road,54.1207442,-7.2983876,,Northern Ireland
,Road,54.1309545,-7.3078799,,Northern Ireland
,Road,54.1327392,-7.3046684,,Northern Ireland
,Road,54.1330997,-7.2973742,,Northern Ireland
,Road,54.1308892,-7.2918008,,Northern Ireland
,Road,54.1492377,-7.293882,,Northern Ireland
,Road,54.1625149,-7.2833651,,Northern Ireland
,Road,54.1710619,-7.2889355,,Northern Ireland
,Road,54.1671267,-7.2984644,,Northern Ireland
,Road,54.1665031,-7.3022724,,Northern Ireland
,Road,54.1654827,-7.310774,,Northern Ireland
,Road,54.1597976,-7.3179285,,Northern Ireland
,Road,54.1531892,-7.3250777,,Northern Ireland
,Road,54.1383409,-7.3300147,,Northern Ireland
,Road,54.1303356,-7.3132953,,Northern Ireland
,Road,54.1150952,-7.315489,,Northern Ireland
,Road,54.1166829,-7.3374014,,Northern Ireland
,Road,54.1168608,-7.3416687,,Northern Ireland
,Road,54.1164424,-7.3457902,,Northern Ireland
,Road,54.1209684,-7.3896401,,Northern Ireland
,Road,54.1223245,-7.481592,,Northern Ireland
,Road,54.1300237,-7.567051,,Northern Ireland
,Road,54.1328869,-7.5715381,,Northern Ireland
,Road,54.1870839,-7.6608059,,Northern Ireland
,Road,54.1927927,-7.6798147,,Northern Ireland
,Road,54.1970806,-7.6840158,,Northern Ireland
,Road,54.2019748,-7.6882521,,Northern Ireland
,Road,54.2050108,-7.6951848,,Northern Ireland
,Road,54.2073618,-7.7027342,,Northern Ireland
,Road,54.288631,-7.868401,,Northern Ireland
,Road,54.2942931,-7.8732534,,Northern Ireland
,Road,54.348621,-8.0004071,,Northern Ireland
,Road,54.3572585,-8.0328257,,Northern Ireland
,Road,54.3590586,-8.036435,,Northern Ireland
,Road,54.3628637,-8.0447316,,Northern Ireland
,Road,54.4053884,-8.0964497,,Northern Ireland
,Road,54.4446855,-8.1562819,,Northern Ireland
,Road,54.4674383,-8.1730179,,Northern Ireland
,Road,54.4695328,-8.140176,,Northern Ireland
,Road,54.4772524,-8.0979797,,Northern Ireland
,Road,54.4769402,-8.0954547,,Northern Ireland
,Road,54.4790227,-8.0940122,,Northern Ireland
,Road,54.4844552,-8.0973715,,Northern Ireland
,Road,54.5365397,-8.0131603,,Northern Ireland
,Road,54.5382286,-7.9573719,,Northern Ireland
,Road,54.5346141,-7.8695242,,Northern Ireland
,Road,54.5490943,-7.8309644,,Northern Ireland
,Road,54.5497413,-7.8319035,,Northern Ireland
,Road,54.5520386,-7.8331613,,Northern Ireland
,Road,54.5661282,-7.8075702,,Northern Ireland
,Road,54.5737643,-7.7984695,,Northern Ireland
,Road,54.5808493,-7.7913367,,Northern Ireland
,Road,54.5952106,-7.7582136,,Northern Ireland
,Road,54.6051414,-7.7209895,,Northern Ireland
,Road,54.61093,-7.6972922,,Northern Ireland
,Road,54.6193431,-7.7512679,,Northern Ireland
,Road,54.6211268,-7.7554214,,Northern Ireland
,Road,54.6341671,-7.8382521,,Northern Ireland
,Road,54.6618007,-7.9016281,,Northern Ireland
,Road,54.7330313,-7.8420701,,Northern Ireland
,Road,54.7197793,-7.8062381,,Northern Ireland
,Road,54.7146171,-7.7780304,,Northern Ireland
,Road,54.7097713,-7.7419164,,Northern Ireland
,Road,54.7214678,-7.7207743,,Northern Ireland
,Road,54.2229876,-6.8043411,,Northern Ireland
,Road,54.2654073,-6.8495569,,Northern Ireland
,Road,54.7296979,-7.6885446,,Northern Ireland
,Road,54.7464276,-7.6478283,,Northern Ireland
,Road,54.7489569,-7.6301758,,Northern Ireland
,Road,54.7441687,-7.6094436,,Northern Ireland
,Road,54.7441466,-7.5912938,,Northern Ireland
,Road,54.7499335,-7.5863693,,Northern Ireland
,Road,54.7482394,-7.575592,,Northern Ireland
,Road,54.7438585,-7.569783,,Northern Ireland
,Road,54.7409344,-7.5482537,,Northern Ireland
,Road,54.7509688,-7.5386003,,Northern Ireland
,Road,54.7883771,-7.5479029,,Northern Ireland
,Road,54.7929619,-7.5458936,,Northern Ireland
,Road,54.8314081,-7.4809687,,Northern Ireland
,Road,54.9604308,-7.4026772,,Northern Ireland
,Road,54.9668996,-7.4027039,,Northern Ireland
,Road,54.9782666,-7.4059892,,Northern Ireland
,Road,54.9791438,-7.4045821,,Northern Ireland
,Road,54.9889632,-7.4007176,,Northern Ireland
,Road,54.9947156,-7.391988,,Northern Ireland
,Road,55.0201934,-7.3912037,,Northern Ireland
,Road,55.0347533,-7.3702527,,Northern Ireland
,Road,55.0367238,-7.3679719,,Northern Ireland
,Road,55.0403943,-7.3614417,,Northern Ireland
,Road,55.0461712,-7.3520452,,Northern Ireland
,Road,55.0462655,-7.3154204,,Northern Ireland
,Road,55.0524601,-7.3072279,,Northern Ireland
,Road,55.0477026,-7.2894434,,Northern Ireland
,Road,55.0641856,-7.2698926,,Northern Ireland
,Road,55.0643907,-7.2695008,,Northern Ireland
,Road,55.0658963,-7.2613919,,Northern Ireland
,Road,54.0594953,-6.4213784,,Northern Ireland
,Road,54.7751515,-7.5470344,,Northern Ireland
,Road,54.0970598,-6.3623285,,Northern Ireland